"Position","Player","Team","Projected Fantasy Points","Projected Points Per Week","Bye","Best Draft Position (relative to field position)","Worst Draft Position (relative to field position)","Average Draft Position (relative to field position)","Standard Deviation of Draft Position (relative to field position)","Games (2015)","Total Fantasy Points (2015)","Average Fantasy Points Per Week (2015)","2015 Consistency","2015 Normalized Consistency","Normalized Consistency (2012-15)"
"QB","Cam Newton","CAR",330.5,19.4,7,1,4,1.5,0.7,19,446.7,23.5,0.238,-0.09,-0.354
"QB","Aaron Rodgers","GB",323.2,19,4,1,4,1.9,0.9,18,342.56,19,0.224,-0.302,-0.478
"QB","Russell Wilson","SEA",316.8,18.6,5,2,6,3.3,1,18,381.58,21.2,0.207,-0.561,-0.363
"QB","Andrew Luck","IND",300.8,17.7,10,1,8,4,1.4,7,132.84,19,0.177,NA,-0.502
"QB","Drew Brees","NO",293.4,17.3,5,2,8,4.9,1,15,308.44,20.6,0.242,-0.029,-0.703
"QB","Ben Roethlisberger","PIT",281.1,16.5,8,3,13,7,2.2,14,261.54,18.7,0.264,0.306,-0.265
"QB","Carson Palmer","ARI",274.7,16.2,9,5,13,7.2,1.6,18,332.6,18.5,0.176,-1.032,-0.577
"QB","Blake Bortles","JAC",270.9,15.9,5,5,18,10.6,2.7,16,321.8,20.1,0.222,-0.333,-0.326
"QB","Tyrod Taylor","BUF",267.6,15.7,10,6,22,14,3.3,14,272.22,19.4,0.191,-0.804,-0.804
"QB","Philip Rivers","SD",266,15.6,11,6,16,10.2,2.2,16,286.52,17.9,0.233,-0.166,-0.191
"QB","Eli Manning","NYG",265.2,15.6,8,5,16,8.6,1.8,16,287.22,18,0.26,0.245,0.375
"QB","Matthew Stafford","DET",258.7,15.2,10,9,25,15.6,3.3,16,291.78,18.2,0.25,0.093,-0.28
"QB","Andy Dalton","CIN",258.4,15.2,9,9,27,16.6,3.4,13,244.1,18.8,0.218,-0.394,0.072
"QB","Kirk Cousins","WAS",258.2,15.2,9,6,22,14.5,3.3,17,316.7,18.6,0.27,0.397,0.397
"QB","Jameis Winston","TB",255.7,15,6,9,24,16.5,3.4,16,277.18,17.3,0.137,-1.625,-1.625
"QB","Ryan Fitzpatrick","NYJ",252.1,14.8,11,13,28,20,3.3,16,284.7,17.8,0.201,-0.652,0.102
"QB","Tony Romo","DAL",251.9,14.8,7,9,25,15.3,3.8,4,40.66,10.2,0.479,NA,-0.884
"QB","Derek Carr","OAK",251.5,14.8,10,6,23,15.2,3,16,275.76,17.2,0.239,-0.074,0.342
"QB","Ryan Tannehill","MIA",250.9,14.8,8,8,26,20,3.5,16,259.44,16.2,0.183,-0.926,-0.615
"QB","Matt Ryan","ATL",249.8,14.7,11,9,25,19.4,3.2,16,235.94,14.7,0.186,-0.88,-0.908
"QB","Alex Smith","KC",249.4,14.7,5,20,31,24.7,2,18,303.78,16.9,0.281,0.564,1.338
"QB","Marcus Mariota","TEN",243.2,14.3,13,12,25,18.4,3.2,12,210.02,17.5,0.336,1.4,1.4
"QB","Joe Flacco","BAL",239.8,14.1,8,13,30,23.3,2.7,10,165.94,16.6,0.252,0.123,-0.284
"QB","Tom Brady","NE",236.9,13.9,9,4,26,10.8,3.9,18,387.76,21.5,0.188,-0.85,-0.426
"QB","Jay Cutler","CHI",232.6,13.7,9,17,28,23.7,2.3,15,230.5,15.4,0.178,-1.002,-0.656
"QB","Brock Osweiler","HOU",230.7,13.6,9,22,46,26.2,3.1,8,118.78,14.8,0.232,NA,NA
"QB","Teddy Bridgewater","MIN",218.6,12.9,6,23,31,27.5,1.4,17,206.28,12.1,0.341,1.476,0.822
"QB","Robert Griffin","CLE",196.7,11.6,13,17,33,26.3,2.9,NA,NA,NA,NA,NA,NA
"QB","Sam Bradford","PHI",170.7,10,4,20,36,29,2.2,14,194.74,13.9,0.188,-0.85,-0.731
"QB","Jared Goff","LA",162.1,9.5,8,28,112,33.4,10.4,NA,NA,NA,NA,NA,NA
"QB","Blaine Gabbert","SF",145.3,8.5,8,25,47,30.8,3,8,129.74,16.2,0.12,NA,0.958
"QB","Mark Sanchez","DEN",129.6,7.6,11,25,40,32.2,3.3,3,32.84,10.9,0.197,NA,1.508
"QB","Colin Kaepernick","SF",80.2,4.7,8,22,39,32.7,2.8,9,111.5,12.4,0.393,NA,0.068
"QB","Paxton Lynch","DEN",63,3.7,11,30,115,37.3,12,NA,NA,NA,NA,NA,NA
"QB","Jimmy Garoppolo","NE",60.6,3.6,9,28,39,34,2.1,4,-0.26,-0.1,-1.365,NA,NA
"QB","Josh McCown","CLE",42.7,2.5,13,30,42,36.4,2.4,8,136.16,17,0.308,NA,1.329
"QB","Carson Wentz","PHI",41,2.4,4,32,98,39.3,10.8,NA,NA,NA,NA,NA,NA
"QB","Case Keenum","LA",28.9,1.7,8,30,54,35.7,4.2,5,43.62,8.7,0.292,NA,NA
"QB","Trevor Siemian","DEN",25.7,1.5,11,29,86,36.1,8.9,1,-0.1,-0.1,0,NA,NA
"QB","Brian Hoyer","CHI",18.7,1.1,9,29,47,41,3.8,12,163.98,13.7,0.351,1.628,1.161
"QB","Chase Daniel","PHI",17.1,1,4,34,53,40.5,4.1,3,-0.24,-0.1,-1,NA,NA
"QB","Geno Smith","NYJ",16.7,1,11,30,51,37.4,4.1,1,20,20,0,NA,2.996
"QB","Kellen Moore","DAL",14.5,0.9,7,41,61,48,7.8,3,33.06,11,0.385,NA,NA
"QB","Matt Flynn","",12.3,0.7,NA,NA,NA,NA,NA,NA,NA,NA,NA,NA,NA
"QB","Christian Hackenberg","NYJ",12.1,0.7,11,40,100,59.6,21.7,NA,NA,NA,NA,NA,NA
"QB","Cody Kessler","CLE",12,0.7,13,40,109,54.6,20,NA,NA,NA,NA,NA,NA
"QB","AJ McCarron","CIN",11.8,0.7,9,37,71,44.2,7.5,NA,NA,NA,NA,NA,NA
"QB","Trevone Boykin","SEA",11.7,0.7,5,50,104,72.7,22.9,NA,NA,NA,NA,NA,NA
"QB","E.J. Manuel","BUF",11.6,0.7,10,35,53,45.4,5.3,4,38.84,9.7,0.514,NA,0.232
"QB","Drew Stanton","ARI",10.2,0.6,9,42,57,49.2,4.8,6,-1.14,-0.2,-0.675,NA,NA
"QB","Landry Jones","PIT",9.6,0.6,8,40,83,50.7,14,8,22.46,2.8,1.025,NA,NA
"QB","Brandon Weeden","HOU",9.4,0.6,9,44,59,48.3,5.7,6,66.46,11.1,0.229,NA,0.144
"QB","David Fales","CHI",9,0.5,NA,NA,NA,NA,NA,NA,NA,NA,NA,NA,NA
"QB","Colt McCoy","WAS",9,0.5,9,39,59,47.6,6.4,2,8.82,4.4,0.5,NA,NA
"QB","Zach Mettenberger","SD",8.8,0.5,11,69,73,71,2,7,44.2,6.3,0.424,NA,NA
"QB","Mike Glennon","TB",8.8,0.5,6,42,65,49.4,7.4,NA,NA,NA,NA,NA,NA
"QB","Shaun Hill","MIN",8.7,0.5,6,48,65,55,7,3,0.1,0,6,NA,NA
"QB","Dak Prescott","DAL",8.7,0.5,7,31,111,43.6,16.6,NA,NA,NA,NA,NA,NA
"QB","Dan Orlovsky","DET",8.2,0.5,10,44,67,53,9.3,2,10.04,5,0.46,NA,NA
"QB","Matt McGloin","OAK",8,0.5,10,54,77,60.6,8.5,2,11.68,5.8,0.5,NA,NA
"QB","Ryan Mallett","BAL",7.6,0.4,8,34,62,47.7,9,7,70.94,10.1,0.316,NA,NA
"QB","Nick Foles","KC",7.6,0.4,5,29,55,41.8,7.5,11,96.08,8.7,0.351,1.628,1.222
"QB","Matt Cassel","TEN",7.6,0.4,13,32,57,46.4,9.4,8,66.8,8.3,0.404,NA,NA
"QB","Chad Henne","JAC",7.5,0.4,5,38,60,51.8,8.1,NA,NA,NA,NA,NA,NA
"QB","Bruce Gradkowski","PIT",7.3,0.4,8,47,63,56.3,6.1,NA,NA,NA,NA,NA,NA
"QB","Aaron Murray","KC",6.9,0.4,5,71,76,73.5,2.5,NA,NA,NA,NA,NA,NA
"QB","Scott Tolzien","IND",6.7,0.4,10,43,82,55.1,11.6,2,-0.14,-0.1,-1.643,NA,NA
"QB","Derek Anderson","CAR",6.2,0.4,7,40,50,45.8,4.3,4,0.84,0.2,1.345,NA,NA
"QB","Kellen Clemens","SD",5.5,0.3,11,51,65,59.3,6,2,6.42,3.2,0.516,NA,1.329
"QB","Ryan Nassib","NYG",4.5,0.3,8,45,75,61,12.3,1,6.72,6.7,0,NA,NA
"QB","Matt Moore","MIA",3.1,0.2,8,41,60,53.3,7.3,1,0.36,0.4,0,NA,NA
"QB","Matt Schaub","ATL",3.1,0.2,11,52,92,61.8,14,2,26.2,13.1,0.045,NA,0.966
"QB","Luke McCown","NO",2.1,0.1,5,49,64,55,6.5,2,13.4,6.7,0.425,NA,NA
"QB","Brett Hundley","GB",1.6,0.1,4,38,79,53.3,10.6,NA,NA,NA,NA,NA,NA
"QB","Austin Davis","CLE",0.9,0.1,NA,NA,NA,NA,NA,3,19.18,6.4,0.076,NA,NA
"QB","Jacoby Brissett","NE",0.8,0,9,50,88,64.3,15.5,NA,NA,NA,NA,NA,NA
"QB","Tyler Bray","KC",0.5,0,NA,NA,NA,NA,NA,NA,NA,NA,NA,NA,NA
"QB","Bryce Petty","NYJ",0.4,0,11,47,85,64.5,15.6,NA,NA,NA,NA,NA,NA
"QB","Tom Savage","HOU",0.4,0,NA,NA,NA,NA,NA,NA,NA,NA,NA,NA,NA
"QB","Sean Renfree","ATL",0,0,11,69,78,73.5,4.5,2,0.04,0,39.5,NA,NA
"QB","Dylan Thompson","LA",0,0,NA,NA,NA,NA,NA,NA,NA,NA,NA,NA,NA
"QB","Connor Cook","OAK",0,0,10,56,99,75,17.9,NA,NA,NA,NA,NA,NA
"QB","Cardale Jones","BUF",0,0,10,46,101,65.4,19.9,NA,NA,NA,NA,NA,NA
"QB","Jeff Driskel","SF",0,0,8,45,105,63.8,21.4,NA,NA,NA,NA,NA,NA
"QB","Matt Simms","ATL",0,0,NA,NA,NA,NA,NA,NA,NA,NA,NA,NA,NA
"QB","Brandon Doughty","MIA",0,0,NA,NA,NA,NA,NA,NA,NA,NA,NA,NA,NA
"QB","Kevin Hogan","KC",0,0,5,62,87,76.7,10.7,NA,NA,NA,NA,NA,NA
"QB","Nate Sudfeld","WAS",0,0,9,77,110,93.5,16.5,NA,NA,NA,NA,NA,NA
"QB","Jake Rudock","DET",0,0,10,79,108,93.5,14.5,NA,NA,NA,NA,NA,NA
"QB","Josh Johnson","BAL",0,0,NA,NA,NA,NA,NA,NA,NA,NA,NA,NA,NA
"QB","Jimmy Clausen","",0,0,NA,NA,NA,NA,NA,4,33.16,8.3,0.397,NA,NA
"QB","Matt Barkley","ARI",0,0,9,64,66,65,1,NA,NA,NA,NA,NA,NA
"QB","Joe Webb","CAR",0,0,7,60,80,70,10,3,-0.1,0,-0.667,NA,NA
"QB","Zac Dysert","MIA",0,0,NA,NA,NA,NA,NA,NA,NA,NA,NA,NA,NA
"QB","Dan LeFevour","",0,0,NA,NA,NA,NA,NA,NA,NA,NA,NA,NA,NA
"QB","Ryan Griffin","HOU",0,0,NA,NA,NA,NA,NA,NA,NA,NA,NA,NA,NA
"QB","Logan Thomas","NYG",0,0,NA,NA,NA,NA,NA,NA,NA,NA,NA,NA,NA
"QB","Christian Ponder","SF",0,0,NA,NA,NA,NA,NA,NA,NA,NA,NA,NA,NA
"QB","Keith Wenning","CIN",0,0,NA,NA,NA,NA,NA,NA,NA,NA,NA,NA,NA
"QB","Jerrod Johnson","BAL",0,0,NA,NA,NA,NA,NA,NA,NA,NA,NA,NA,NA
"QB","Stephen Morris","IND",0,0,NA,NA,NA,NA,NA,NA,NA,NA,NA,NA,NA
"QB","Matt Blanchard","",0,0,NA,NA,NA,NA,NA,NA,NA,NA,NA,NA,NA
"QB","Garrett Grayson","NO",0,0,5,47,78,65.7,13.4,NA,NA,NA,NA,NA,NA
"QB","Sean Mannion","LA",0,0,8,41,83,62,21,1,1.24,1.2,0,NA,NA
"QB","Alex Tanney","TEN",0,0,NA,NA,NA,NA,NA,1,7.96,8,0,NA,NA
"QB","Taylor Heinicke","MIN",0,0,NA,NA,NA,NA,NA,NA,NA,NA,NA,NA,NA
"RB","Todd Gurley","LA",213.7,12.6,8,1,5,1.9,1.1,13,189.6,14.6,0.305,-0.549,-0.549
"RB","Adrian Peterson","MIN",210.7,12.4,6,1,9,3.3,1.7,17,234.5,13.8,0.332,-0.473,-0.502
"RB","Jamaal Charles","KC",208.4,12.3,5,3,16,7.5,2.6,5,80.1,16,0.187,NA,-0.611
"RB","David Johnson","ARI",207.1,12.2,9,1,8,2.3,1.4,18,206.4,11.5,0.519,0.053,0.053
"RB","Lamar Miller","HOU",201.2,11.8,9,1,10,4.5,1.6,16,184.9,11.6,0.422,-0.22,-0.658
"RB","Le'Veon Bell","PIT",198.9,11.7,8,2,16,7.8,2.6,6,87.2,14.5,0.214,NA,-1.28
"RB","Ezekiel Elliott","DAL",187.3,11,7,1,9,4.4,1.7,NA,NA,NA,NA,NA,NA
"RB","Devonta Freeman","ATL",184.4,10.8,11,4,36,9,4,15,243.9,16.3,0.326,-0.49,-0.224
"RB","Mark Ingram","NO",180.8,10.6,5,5,19,9,2.1,12,153.4,12.8,0.164,-0.945,-0.525
"RB","LeSean McCoy","BUF",180.5,10.6,10,5,16,10.4,2.2,12,146.7,12.2,0.187,-0.881,-0.882
"RB","Eddie Lacy","GB",179.1,10.5,4,6,17,10.5,2.4,17,140,8.2,0.438,-0.175,-0.758
"RB","Doug Martin","TB",173.6,10.2,6,4,17,10.3,2.5,16,199.3,12.5,0.33,-0.478,-0.457
"RB","C.J. Anderson","DEN",165.8,9.8,11,7,29,13.1,2.9,18,155.6,8.6,0.404,-0.27,-0.138
"RB","Thomas Rawls","SEA",162.2,9.5,5,7,31,16.5,3.7,12,120.6,10,0.555,0.154,0.154
"RB","Latavius Murray","OAK",160.5,9.4,10,7,27,16,3.1,16,161.8,10.1,0.276,-0.63,0.238
"RB","Matt Forte","NYJ",156.7,9.2,11,12,29,18.4,3.5,13,172.7,13.3,0.226,-0.771,-0.866
"RB","Carlos Hyde","SF",155,9.1,8,9,24,15.3,3,7,70.3,10,0.437,NA,-0.548
"RB","DeMarco Murray","TEN",152.5,9,13,12,41,20.6,5.3,15,140.2,9.3,0.381,-0.335,-0.984
"RB","Jonathan Stewart","CAR",151.3,8.9,7,8,34,20,4.4,16,187.5,11.7,0.258,-0.681,-0.864
"RB","Jeremy Hill","CIN",147.5,8.7,9,11,33,19.5,3.8,17,169,9.9,0.395,-0.296,-0.453
"RB","Jeremy Langford","CHI",146.6,8.6,9,8,34,23.6,4.2,15,127.6,8.5,0.476,-0.068,-0.068
"RB","Matt Jones","WAS",146.2,8.6,9,12,65,25.9,7.1,13,95.5,7.3,0.531,0.087,0.087
"RB","Ryan Mathews","PHI",140.4,8.3,4,14,52,21.8,5.3,13,104.5,8,0.426,-0.208,-0.472
"RB","Frank Gore","IND",138.7,8.2,10,14,38,23.7,4.7,16,159.4,10,0.321,-0.504,-0.532
"RB","Giovani Bernard","CIN",136.6,8,9,16,46,25.8,5.2,17,133.2,7.8,0.281,-0.616,-0.78
"RB","Melvin Gordon","SD",134.1,7.9,11,13,37,26,5.1,14,75.3,5.4,0.21,-0.816,-0.816
"RB","Ameer Abdullah","DET",131.6,7.7,10,16,45,30.5,4.5,16,92.1,5.8,0.379,-0.341,-0.341
"RB","Arian Foster","MIA",128.4,7.6,8,15,49,28.3,7,4,55,13.8,0.338,NA,-0.95
"RB","Rashad Jennings","NYG",127.6,7.5,8,17,46,30.2,5.4,16,135.9,8.5,0.366,-0.377,-0.208
"RB","Danny Woodhead","SD",126.6,7.4,11,19,45,29.7,4.5,16,163.1,10.2,0.415,-0.239,-0.378
"RB","T.J. Yeldon","JAC",124.5,7.3,5,20,44,34.9,5.3,12,119.9,10,0.239,-0.734,-0.734
"RB","Duke Johnson","CLE",124.3,7.3,13,19,39,28,4.2,16,103.4,6.5,0.294,-0.58,-0.58
"RB","LeGarrette Blount","NE",117.9,6.9,9,25,58,37.6,7.6,12,116.6,9.7,0.474,-0.073,0.306
"RB","Isaiah Crowell","CLE",117.5,6.9,13,25,57,37.9,5.7,16,118.8,7.4,0.492,-0.023,-0.206
"RB","Justin Forsett","BAL",114,6.7,8,21,57,37.2,5.6,10,93.4,9.3,0.345,-0.436,-0.541
"RB","Chris Ivory","JAC",109.8,6.5,5,18,45,31.1,5.1,15,172.7,11.5,0.345,-0.436,-0.488
"RB","Charles Sims","TB",104.9,6.2,6,26,55,37,5.1,16,129,8.1,0.281,-0.616,-0.616
"RB","Dion Lewis","NE",101.1,5.9,9,15,93,48.7,19.5,7,84.2,12,0.233,NA,NA
"RB","DeAngelo Williams","PIT",100.2,5.9,8,22,53,36.1,5.7,16,193.4,12.1,0.504,0.011,-0.275
"RB","Jay Ajayi","MIA",97.4,5.7,8,19,54,36.4,7.5,9,35.7,4,0.366,NA,NA
"RB","Darren Sproles","PHI",96.1,5.7,4,34,80,54.8,9.6,16,106.5,6.7,0.421,-0.223,-0.321
"RB","Shane Vereen","NYG",94.9,5.6,8,40,78,52.7,7.8,16,99.5,6.2,0.43,-0.197,-0.378
"RB","Bilal Powell","NYJ",92.5,5.4,11,29,74,42.1,6.1,11,88.1,8,0.364,-0.383,-0.2
"RB","Theo Riddick","DET",92.3,5.4,10,31,64,44.5,5.5,16,99,6.2,0.286,-0.602,0.326
"RB","Derrick Henry","TEN",90.1,5.3,13,27,71,39.7,6.9,NA,NA,NA,NA,NA,NA
"RB","James Starks","GB",88,5.2,4,37,75,53.1,7.7,18,138.5,7.7,0.474,-0.073,-0.017
"RB","Javorius Allen","BAL",76.2,4.5,8,33,128,52.7,12.3,16,99.9,6.2,0.523,0.064,0.064
"RB","Tevin Coleman","ATL",75.5,4.4,11,18,60,42,5.8,12,40.6,3.4,0.474,-0.073,-0.073
"RB","Devontae Booker","DEN",75.4,4.4,11,24,66,52.5,7.2,NA,NA,NA,NA,NA,NA
"RB","DeAndre Washington","OAK",73.3,4.3,10,39,161,52.4,13.5,NA,NA,NA,NA,NA,NA
"RB","Chris Johnson","ARI",72.8,4.3,9,39,78,57.4,8.1,11,101.2,9.2,0.377,-0.346,-0.424
"RB","Jerick McKinnon","MIN",71.9,4.2,6,37,72,50.6,6.7,17,65.3,3.8,0.592,0.258,-0.134
"RB","Jordan Howard","CHI",70.6,4.2,9,37,165,53.7,15.3,NA,NA,NA,NA,NA,NA
"RB","Chris Thompson","WAS",66.6,3.9,9,44,105,60.1,10,14,69,4.9,0.438,-0.175,-0.175
"RB","Cameron Artis-Payne","CAR",65.4,3.8,7,47,119,69.3,10.7,7,30.9,4.4,0.541,NA,NA
"RB","Darren McFadden","DAL",65.3,3.8,7,35,84,61.7,11,16,155.7,9.7,0.251,-0.701,-0.491
"RB","C.J. Prosise","SEA",63.9,3.8,5,34,88,55.7,10.4,NA,NA,NA,NA,NA,NA
"RB","Ronnie Hillman","DEN",62.2,3.7,11,41,100,70.7,12.7,19,143.5,7.6,0.416,-0.237,-0.156
"RB","Spencer Ware","KC",61.6,3.6,5,35,107,56.4,11.4,10,89.5,8.9,0.443,-0.161,-0.161
"RB","Tim Hightower","NO",61.2,3.6,5,42,140,61.4,12.2,6,74.4,12.4,0.418,NA,NA
"RB","Christine Michael","SEA",59.3,3.5,5,22,83,51.9,11.7,10,34.3,3.4,0.566,0.185,0.465
"RB","James White","NE",58,3.4,9,25,79,52.7,13.6,14,92.6,6.6,0.49,-0.028,-0.028
"RB","C.J. Spiller","NO",57.2,3.4,5,52,98,72.6,9,13,47.1,3.6,0.578,0.219,-0.155
"RB","Shaun Draughn","SF",56.8,3.3,8,40,92,64.8,11.1,11,50.9,4.6,0.557,0.16,0.064
"RB","Alfred Blue","HOU",56.2,3.3,9,52,96,77.4,9.8,15,106.6,7.1,0.439,-0.172,0.005
"RB","Benny Cunningham","LA",55.4,3.3,8,56,97,73.2,10.3,15,39,2.6,0.548,0.135,0.292
"RB","Kenneth Dixon","BAL",55.3,3.3,8,30,173,53.6,16.1,NA,NA,NA,NA,NA,NA
"RB","Josh Ferguson","IND",54.2,3.2,10,47,89,66.5,9.6,NA,NA,NA,NA,NA,NA
"RB","Karlos Williams","",53,3.1,NA,NA,NA,NA,NA,11,113.3,10.3,0.346,-0.433,-0.433
"RB","Andre Ellington","ARI",51,3,9,50,84,69.6,6.8,12,60,5,0.539,0.109,-0.439
"RB","Alfred Morris","DAL",50.4,3,7,39,81,60.9,8.6,17,91.6,5.4,0.406,-0.265,-0.663
"RB","Paul Perkins","NYG",49.9,2.9,8,44,179,62.3,15.7,NA,NA,NA,NA,NA,NA
"RB","Ka'Deem Carey","CHI",48,2.8,9,49,99,73.3,9.2,8,33.8,4.2,0.5,NA,0.523
"RB","Robert Turbin","IND",46.5,2.7,10,52,107,79.2,11.7,10,28.2,2.8,0.513,0.036,-0.152
"RB","Charcandrick West","KC",45.9,2.7,5,43,117,65.8,9.9,16,129.9,8.1,0.507,0.019,0.019
"RB","Mike Tolbert","CAR",44.7,2.6,7,69,109,82.7,8.6,19,70.3,3.7,0.483,-0.048,-0.177
"RB","Kenyan Drake","MIA",44,2.6,8,50,97,71.9,9.3,NA,NA,NA,NA,NA,NA
"RB","Terrance West","BAL",43.7,2.6,8,28,99,60.3,13.5,8,21,2.6,0.348,NA,-0.228
"RB","Mike Gillislee","BUF",43.2,2.5,10,34,102,72,11,5,45.6,9.1,0.368,NA,NA
"RB","Khiry Robinson","NYJ",42.9,2.5,11,44,88,76.4,8.3,8,53.5,6.7,0.303,NA,0.266
"RB","Damien Williams","MIA",42.7,2.5,8,76,115,94.7,12.8,14,24.1,1.7,0.608,0.303,0.694
"RB","Zach Line","MIN",42.5,2.5,6,101,115,108,7,12,29.2,2.4,0.566,0.185,0.185
"RB","Tre Mason","LA",39.1,2.3,8,69,122,85.5,13.8,13,33.5,2.6,0.523,0.064,-0.183
"RB","Reggie Bush","BUF",38.4,2.3,10,40,101,70.1,14.2,5,4.7,0.9,0.664,NA,-0.512
"RB","Dexter McCluster","TEN",38,2.2,13,69,139,88.8,14.6,11,60.7,5.5,0.376,-0.349,-0.085
"RB","Kenjon Barner","PHI",37.7,2.2,4,46,115,72.4,16.4,6,12.6,2.1,0.458,NA,NA
"RB","Knile Davis","KC",37.5,2.2,5,61,120,88.1,15.5,15,25.1,1.7,0.667,0.469,0.926
"RB","Zach Zenner","DET",36,2.1,10,47,124,73.5,10.6,4,7.1,1.8,0.335,NA,NA
"RB","Wendell Smallwood","PHI",33.8,2,4,35,163,65.1,16.4,NA,NA,NA,NA,NA,NA
"RB","Kelvin Taylor","SF",33.5,2,8,76,156,106,20.1,NA,NA,NA,NA,NA,NA
"RB","Matt Asiata","MIN",33.2,2,6,77,115,95.1,11.8,16,25.7,1.6,0.404,-0.27,-0.107
"RB","Branden Oliver","SD",32.5,1.9,11,68,114,84.1,11.5,7,22,3.1,0.464,NA,0.286
"RB","Tyler Ervin","HOU",31.6,1.9,9,57,125,76.4,10.8,NA,NA,NA,NA,NA,NA
"RB","Marcel Reece","OAK",30.1,1.8,10,76,119,97.9,14.2,15,48.5,3.2,0.6,0.281,0.321
"RB","Brandon Bolden","NE",29.9,1.8,9,76,118,98.5,12.5,13,54.5,4.2,0.536,0.101,0.129
"RB","Keith Marshall","WAS",29.6,1.7,9,52,143,70.4,12.9,NA,NA,NA,NA,NA,NA
"RB","Denard Robinson","JAC",28.9,1.7,5,64,101,86.3,9.7,12,45.8,3.8,0.566,0.185,2.424
"RB","Taiwan Jones","OAK",28.5,1.7,10,96,138,117.4,13.1,11,21.8,2,0.832,0.933,1.198
"RB","Jonas Gray","",28.4,1.7,NA,NA,NA,NA,NA,7,25.2,3.6,0.272,NA,NA
"RB","David Cobb","TEN",26.1,1.5,13,52,182,86.3,22.1,7,20.4,2.9,0.692,NA,NA
"RB","Jonathan Grimes","HOU",25.9,1.5,9,62,106,92.6,15.3,14,64.2,4.6,0.404,-0.27,-0.27
"RB","Antonio Andrews","TEN",24.7,1.5,13,63,121,86.5,11.7,14,91.04,6.5,0.399,-0.284,-0.284
"RB","Orleans Darkwa","NYG",23.2,1.4,8,71,123,97.1,14.9,8,24.4,3,0.439,NA,NA
"RB","Stevan Ridley","",22.7,1.3,NA,NA,NA,NA,NA,8,8.8,1.1,0.719,NA,-0.229
"RB","Jordan Todman","IND",22.6,1.3,10,63,116,95.1,13.4,7,9.3,1.3,0.682,NA,0.712
"RB","Lorenzo Taliaferro","BAL",22.6,1.3,8,69,121,103.7,17.5,3,13.6,4.5,0.49,NA,0.766
"RB","Jacquizz Rodgers","CHI",22.3,1.3,9,58,128,86.5,16.7,5,5.1,1,0.384,NA,-0.236
"RB","Lance Dunbar","DAL",22.2,1.3,7,39,111,75.7,12.4,4,28.2,7,0.152,NA,-0.256
"RB","Mack Brown","WAS",22.1,1.3,9,96,148,122,26,NA,NA,NA,NA,NA,NA
"RB","Andre Williams","NYG",21.6,1.3,8,48,102,82.8,11.8,16,34.4,2.1,0.557,0.16,-0.169
"RB","DuJuan Harris","SF",21.3,1.3,NA,NA,NA,NA,NA,4,26.6,6.7,0.47,NA,2.657
"RB","Silas Redd","WAS",21.2,1.2,NA,NA,NA,NA,NA,NA,NA,NA,NA,NA,NA
"RB","Stepfan Taylor","ARI",20.1,1.2,9,57,138,107.4,27.4,6,6.2,1,0.376,NA,0.406
"RB","Jamize Olawale","OAK",19.6,1.2,NA,NA,NA,NA,NA,10,25.4,2.5,0.476,-0.068,-0.068
"RB","Kendall Gaskins","SF",19.1,1.1,8,136,159,147.5,11.5,4,10.7,2.7,0.287,NA,NA
"RB","Patrick DiMarco","ATL",18.8,1.1,11,101,127,110.3,10,10,23,2.3,0.657,0.441,0.827
"RB","Bruce Miller","SF",18.3,1.1,8,96,129,108.8,10.9,10,20.9,2.1,0.687,0.526,0.324
"RB","Roy Helu","",18.1,1.1,NA,NA,NA,NA,NA,8,17.4,2.2,0.602,NA,-0.461
"RB","Bobby Rainey","NYG",17.8,1,NA,NA,NA,NA,NA,15,1.4,0.1,3.2,7.593,2.84
"RB","Juwan Thompson","DEN",17.8,1,11,100,131,114.2,9.9,7,9.9,1.4,0.569,NA,0.321
"RB","Terron Ward","ATL",16.8,1,11,100,124,115.4,8,10,22.8,2.3,0.661,0.452,0.452
"RB","Fozzy Whittaker","CAR",16.6,1,7,78,124,97.9,14.6,16,26.2,1.6,0.603,0.289,0.369
"RB","Isaiah Pead","MIA",15.9,0.9,NA,NA,NA,NA,NA,2,-1.7,-0.8,-0.5,NA,0.658
"RB","Jalston Fowler","TEN",15.6,0.9,NA,NA,NA,NA,NA,NA,NA,NA,NA,NA,NA
"RB","Alex Collins","SEA",15.2,0.9,5,67,149,83.3,16.2,NA,NA,NA,NA,NA,NA
"RB","Fitzgerald Toussaint","PIT",14.8,0.9,8,86,121,98.2,11.3,5,26.1,5.2,0.449,NA,NA
"RB","Mike Davis","SF",14.4,0.8,8,65,127,91,15.1,5,9.6,1.9,0.438,NA,NA
"RB","Kyle Juszczyk","BAL",14.2,0.8,8,88,117,98.8,10.5,16,56.4,3.5,0.494,-0.017,1.073
"RB","Jonathan Williams","BUF",14.1,0.8,10,41,157,84.4,18.5,NA,NA,NA,NA,NA,NA
"RB","Will Johnson","NYG",14,0.8,NA,NA,NA,NA,NA,6,10.3,1.7,0.665,NA,1.266
"RB","Michael Burton","DET",12.9,0.8,NA,NA,NA,NA,NA,NA,NA,NA,NA,NA,NA
"RB","Aaron Ripkowski","GB",12.6,0.7,4,113,124,118.5,5.5,1,1.8,1.8,0,NA,NA
"RB","Keenan Reynolds","BAL",12.6,0.7,NA,NA,NA,NA,NA,NA,NA,NA,NA,NA,NA
"RB","Mike James","TB",11.7,0.7,6,102,126,114.8,9.4,NA,NA,NA,NA,NA,NA
"RB","Donald Brown","",11.6,0.7,NA,NA,NA,NA,NA,6,37.7,6.3,0.374,NA,-0.296
"RB","John Crockett","GB",11.2,0.7,4,90,136,118.4,13.2,2,2.1,1.1,0.548,NA,NA
"RB","Dan Vitale","TB",11.1,0.7,NA,NA,NA,NA,NA,NA,NA,NA,NA,NA,NA
"RB","Zac Stacy","",9.3,0.5,NA,NA,NA,NA,NA,7,21.4,3.1,0.517,NA,-0.708
"RB","Malcolm Brown","LA",9.2,0.5,8,82,129,100.3,16.3,1,1.5,1.5,0,NA,NA
"RB","Nikita Whitlock","NYG",8.5,0.5,NA,NA,NA,NA,NA,2,0,0,NA,NA,NA
"RB","Kerwynn Williams","ARI",8.1,0.5,9,95,128,115,12.2,6,19.8,3.3,0.633,NA,NA
"RB","Jay Prosch","HOU",8,0.5,NA,NA,NA,NA,NA,6,3.5,0.6,0.605,NA,NA
"RB","Tommy Bohanon","NYJ",8,0.5,11,119,132,125.5,6.5,5,5.8,1.2,0.607,NA,-0.068
"RB","James Develin","NE",7.9,0.5,NA,NA,NA,NA,NA,NA,NA,NA,NA,NA,NA
"RB","Daniel Lasco","NO",7.8,0.5,5,84,176,101.2,23.6,NA,NA,NA,NA,NA,NA
"RB","Rod Smith","DAL",7.7,0.5,NA,NA,NA,NA,NA,3,0.6,0.2,0.667,NA,NA
"RB","Cedric Peerman","CIN",7.7,0.5,9,103,137,121.2,12.4,3,0,0,NA,NA,-0.118
"RB","Raheem Mostert","CLE",7.6,0.4,13,121,139,130,9,8,-2,-0.2,-0.875,NA,NA
"RB","Akeem Hunt","HOU",7.5,0.4,NA,NA,NA,NA,NA,8,13.5,1.7,0.569,NA,NA
"RB","Daniel Thomas","MIA",7.2,0.4,NA,NA,NA,NA,NA,NA,NA,NA,NA,NA,NA
"RB","Chase Reynolds","LA",7.1,0.4,NA,NA,NA,NA,NA,5,0,0,NA,NA,NA
"RB","Ryan Hewitt","CIN",6.8,0.4,NA,NA,NA,NA,NA,NA,NA,NA,NA,NA,NA
"RB","Anthony Sherman","KC",6.7,0.4,5,118,131,124.5,6.5,8,5.8,0.7,0.621,NA,1.051
"RB","Daryl Richardson","PIT",6.1,0.4,8,85,135,113,20.1,NA,NA,NA,NA,NA,NA
"RB","Jerome Felton","BUF",6,0.4,NA,NA,NA,NA,NA,4,1.4,0.4,0.679,NA,NA
"RB","Gus Johnson","ATL",5.5,0.3,11,137,170,153.5,16.5,NA,NA,NA,NA,NA,NA
"RB","Rex Burkhead","CIN",5.4,0.3,9,86,123,106.2,11.7,13,14.7,1.1,0.801,0.846,0.846
"RB","John Kuhn","NO",5.4,0.3,NA,NA,NA,NA,NA,11,22.4,2,0.575,0.211,0.366
"RB","Travaris Cadet","NO",5.3,0.3,5,71,131,102.7,16.4,6,28.2,4.7,0.485,NA,0.008
"RB","Jhurell Pressley","MIN",4.7,0.3,NA,NA,NA,NA,NA,NA,NA,NA,NA,NA,NA
"RB","Dwayne Washington","DET",4.4,0.3,10,99,133,117.8,13.3,NA,NA,NA,NA,NA,NA
"RB","Storm Johnson","TB",4.1,0.2,6,86,125,105.5,19.5,NA,NA,NA,NA,NA,NA
"RB","Glenn Winston","CLE",4,0.2,13,112,126,119,5.7,1,-2.8,-2.8,0,NA,NA
"RB","Trent Richardson","",2.2,0.1,NA,NA,NA,NA,NA,NA,NA,NA,NA,NA,NA
"RB","Brandon Wegher","CAR",2.1,0.1,NA,NA,NA,NA,NA,NA,NA,NA,NA,NA,NA
"RB","Tyler Gaffney","NE",1.6,0.1,9,52,122,86.9,15.6,NA,NA,NA,NA,NA,NA
"RB","Marcus Murphy","NO",1,0.1,NA,NA,NA,NA,NA,13,4,0.3,1.846,3.785,3.785
"RB","Dan Herron","BUF",0.8,0,NA,NA,NA,NA,NA,9,12.6,1.4,0.365,NA,0.307
"RB","Tyler Varga","",0.7,0,NA,NA,NA,NA,NA,3,2,0.7,0.667,NA,NA
"RB","George Atkinson","OAK",0.6,0,10,68,97,82.5,14.5,NA,NA,NA,NA,NA,NA
"RB","Kapri Bibbs","DEN",0.3,0,NA,NA,NA,NA,NA,1,0,0,0,NA,NA
"RB","Darius Jackson","DAL",0.2,0,7,100,134,114.8,12.3,NA,NA,NA,NA,NA,NA
"RB","Rajion Neal","CLE",0.2,0,NA,NA,NA,NA,NA,NA,NA,NA,NA,NA,NA
"RB","Kenny Hilliard","HOU",0.1,0,NA,NA,NA,NA,NA,NA,NA,NA,NA,NA,NA
"RB","Trey Williams","IND",0.1,0,NA,NA,NA,NA,NA,1,1.2,1.2,0,NA,NA
"RB","Antone Smith","NYJ",0,0,NA,NA,NA,NA,NA,1,1.1,1.1,0,NA,0.203
"RB","George Winn","DET",0,0,NA,NA,NA,NA,NA,2,0.1,0,0.5,NA,NA
"RB","Darrel Young","CHI",0,0,NA,NA,NA,NA,NA,9,3.6,0.4,0.494,NA,0.55
"RB","Senorise Perry","CHI",0,0,NA,NA,NA,NA,NA,NA,NA,NA,NA,NA,NA
"RB","Darrin Reaves","KC",0,0,NA,NA,NA,NA,NA,NA,NA,NA,NA,NA,NA
"RB","Terrence Magee","",0,0,NA,NA,NA,NA,NA,1,0.7,0.7,0,NA,NA
"RB","Terrell Watson","CLE",0,0,13,73,109,88,10,NA,NA,NA,NA,NA,NA
"RB","Joey Iosefa","NE",0,0,NA,NA,NA,NA,NA,2,5.1,2.5,0.5,NA,NA
"RB","Dreamius Smith","SD",0,0,11,128,181,154.5,26.5,NA,NA,NA,NA,NA,NA
"RB","Ahmad Bradshaw","",0,0,NA,NA,NA,NA,NA,6,32.9,5.5,0.489,NA,-0.742
"RB","Marshawn Lynch","",0,0,NA,NA,NA,NA,NA,8,73.2,9.2,0.297,NA,-0.797
"RB","Bernard Pierce","",0,0,NA,NA,NA,NA,NA,4,1.8,0.4,0.083,NA,-0.045
"RB","Cyrus Gray","ATL",0,0,NA,NA,NA,NA,NA,NA,NA,NA,NA,NA,NA
"RB","Joe Banyard","JAC",0,0,NA,NA,NA,NA,NA,1,0,0,0,NA,NA
"RB","Lache Seastrunk","NYJ",0,0,NA,NA,NA,NA,NA,NA,NA,NA,NA,NA,NA
"RB","Bishop Sankey","TEN",0,0,13,74,112,93.3,11.8,12,43.2,3.6,0.68,0.506,-0.07
"RB","Dri Archer","BUF",0,0,NA,NA,NA,NA,NA,6,0,0,NA,NA,1.406
"RB","James Wilder Jr.","BUF",-0.4,0,NA,NA,NA,NA,NA,NA,NA,NA,NA,NA,NA
"WR","Antonio Brown","PIT",229.2,13.5,8,1,2,1,0.2,17,268.8,15.8,0.343,-0.586,-0.604
"WR","Julio Jones","ATL",214.1,12.6,11,1,3,2.6,0.5,16,239.1,14.9,0.256,-0.87,-0.575
"WR","Odell Beckham Jr.","NYG",210.5,12.4,8,1,4,2.4,0.6,15,223.7,14.9,0.316,-0.674,-0.786
"WR","DeAndre Hopkins","HOU",199,11.7,9,3,9,5.1,1.3,17,227,13.4,0.295,-0.742,-0.382
"WR","Dez Bryant","DAL",179.2,10.5,7,3,10,5.8,1.2,9,58.1,6.5,0.417,NA,-0.385
"WR","A.J. Green","CIN",178.5,10.5,9,3,7,5,0.9,17,200.8,11.8,0.338,-0.602,-0.435
"WR","Jordy Nelson","GB",175.6,10.3,4,5,18,10.4,2.7,NA,NA,NA,NA,NA,NA
"WR","Alshon Jeffery","CHI",168.3,9.9,9,6,18,10.9,2.6,9,104.7,11.6,0.275,NA,-0.348
"WR","Allen Robinson","JAC",167.7,9.9,5,4,15,7,1.7,16,224,14,0.292,-0.752,-0.736
"WR","T.Y. Hilton","IND",164.9,9.7,10,8,27,14.6,2.9,NA,NA,NA,NA,NA,NA
"WR","Brandon Marshall","NYJ",163.7,9.6,11,4,21,10.1,2.7,16,230.2,14.4,0.209,-1.023,-0.518
"WR","Mike Evans","TB",161.7,9.5,6,4,16,10.3,2.1,15,139.1,9.3,0.347,-0.573,-0.562
"WR","Sammy Watkins","BUF",159.7,9.4,10,6,26,14.7,3.2,13,158.8,12.2,0.392,-0.426,-0.262
"WR","Keenan Allen","SD",157.9,9.3,11,6,18,11.8,2.6,8,96.5,12.1,0.317,NA,-0.113
"WR","Brandin Cooks","NO",156.9,9.2,5,7,21,13.8,3,16,169.6,10.6,0.378,-0.471,-0.452
"WR","Demaryius Thomas","DEN",155.8,9.2,11,8,27,16.3,3.1,19,170.4,9,0.318,-0.667,-0.552
"WR","Amari Cooper","OAK",152,8.9,10,5,22,14.2,3.1,16,141.9,8.9,0.442,-0.262,-0.262
"WR","Randall Cobb","GB",151.5,8.9,4,14,27,19.1,2.7,18,142.1,7.9,0.404,-0.386,-0.604
"WR","Jeremy Maclin","KC",148.1,8.7,5,14,29,20.3,2.7,17,161.1,9.5,0.373,-0.488,-0.338
"WR","Eric Decker","NYJ",145.9,8.6,11,16,32,21.8,3.4,15,172.7,11.5,0.099,-1.383,-0.527
"WR","Doug Baldwin","SEA",142.7,8.4,5,16,32,23.8,3.7,18,209.3,11.6,0.413,-0.357,-0.17
"WR","Golden Tate","DET",140.1,8.2,10,14,47,24.9,5.1,16,121.4,7.6,0.322,-0.654,-0.362
"WR","Kelvin Benjamin","CAR",139.8,8.2,7,17,40,25.7,5.3,NA,NA,NA,NA,NA,NA
"WR","Jarvis Landry","MIA",139.4,8.2,8,10,36,22.9,4.3,16,165.36,10.3,0.27,-0.824,-0.553
"WR","Michael Floyd","ARI",138.9,8.2,9,15,43,25.7,4.7,17,139.2,8.2,0.454,-0.223,-0.045
"WR","Julian Edelman","NE",137.2,8.1,9,15,36,23.3,4.5,11,129.9,11.8,0.26,-0.857,-0.562
"WR","Larry Fitzgerald","ARI",136.7,8,9,21,38,30,3.8,18,198.1,11,0.346,-0.576,-0.229
"WR","DeSean Jackson","WAS",134,7.9,9,20,50,34.9,5.2,10,76.5,7.7,0.474,-0.158,-0.232
"WR","Jordan Matthews","PHI",133.9,7.9,4,12,44,29.9,5,16,145.7,9.1,0.416,-0.347,-0.234
"WR","Donte Moncrief","IND",130.8,7.7,10,16,33,24.5,4.1,16,109.3,6.8,0.42,-0.334,0.284
"WR","Emmanuel Sanders","DEN",130.3,7.7,11,19,46,31.1,4.4,18,171.4,9.5,0.393,-0.422,-0.448
"WR","John Brown","ARI",127.4,7.5,9,16,38,29.7,4.4,16,150.9,9.4,0.239,-0.925,-0.506
"WR","Allen Hurns","JAC",122.4,7.2,5,20,61,33.9,5.7,15,163,10.9,0.344,-0.582,-0.155
"WR","Devante Parker","MIA",122.2,7.2,8,20,62,32.7,6.3,NA,NA,NA,NA,NA,NA
"WR","Torrey Smith","SF",119.6,7,8,29,66,42.8,6.6,16,92.3,5.8,0.511,-0.037,-0.182
"WR","Michael Crabtree","OAK",118.4,7,10,28,47,36.7,4.4,16,146.2,9.1,0.324,-0.648,-0.313
"WR","Stefon Diggs","MIN",117.4,6.9,6,34,61,45.1,5.1,14,100.5,7.2,0.455,-0.22,-0.22
"WR","Marvin Jones","DET",115.5,6.8,10,22,44,33.4,5,17,112.1,6.6,0.369,-0.501,-0.245
"WR","Tyler Lockett","SEA",111.4,6.6,5,15,49,34,5.3,18,131.4,7.3,0.447,-0.246,-0.246
"WR","Kevin White","CHI",108.8,6.4,9,27,63,39.9,6.2,NA,NA,NA,NA,NA,NA
"WR","Vincent Jackson","TB",106.2,6.2,6,36,75,48.1,5.7,10,74.3,7.4,0.418,-0.341,-0.353
"WR","Willie Snead","NO",106,6.2,5,36,78,44.5,5.6,15,115,7.7,0.327,-0.638,-0.638
"WR","Markus Wheaton","PIT",102.1,6,8,36,69,50.2,6.6,18,112.2,6.2,0.525,0.009,-0.197
"WR","Sterling Shepard","NYG",101,5.9,8,31,55,41,5.4,NA,NA,NA,NA,NA,NA
"WR","Tavon Austin","LA",98.5,5.8,8,28,82,47.6,7.6,16,146.7,9.2,0.422,-0.328,-0.175
"WR","Steve Smith","BAL",97.8,5.8,8,31,75,52.7,8.2,7,85,12.1,0.436,NA,-0.238
"WR","Corey Coleman","CLE",96.3,5.7,13,28,63,42.8,5.9,NA,NA,NA,NA,NA,NA
"WR","Travis Benjamin","SD",94.7,5.6,11,37,113,48.3,9.3,16,133.8,8.4,0.453,-0.226,0.189
"WR","Terrance Williams","DAL",94.1,5.5,7,48,81,62.2,7,16,102,6.4,0.421,-0.331,-0.215
"WR","Josh Gordon","CLE",92.5,5.4,13,13,77,40.2,8.8,NA,NA,NA,NA,NA,NA
"WR","Mohamed Sanu","ATL",91.6,5.4,11,38,90,55.7,7.8,17,60.2,3.5,0.478,-0.145,-0.107
"WR","Pierre Garcon","WAS",88.9,5.2,9,44,91,62.7,8.2,17,122.7,7.2,0.235,-0.938,-0.367
"WR","Kamar Aiken","BAL",88.5,5.2,8,32,159,50.2,14.5,16,124.4,7.8,0.353,-0.553,-0.136
"WR","Michael Thomas","NO",85.2,5,5,37,261,55.1,24.2,NA,NA,NA,NA,NA,NA
"WR","Mike Wallace","BAL",84.9,5,8,37,87,58.8,8.8,16,60.9,3.8,0.488,-0.112,-0.279
"WR","Phillip Dorsett","IND",82.7,4.9,10,43,239,56.3,20.9,11,28.2,2.6,0.511,-0.037,-0.037
"WR","Devin Funchess","CAR",80.5,4.7,7,33,161,51,14,19,88.6,4.7,0.534,0.038,0.038
"WR","Sammie Coates","PIT",80.3,4.7,8,44,243,60.3,22.3,2,7.2,3.6,0.347,NA,NA
"WR","Kenny Britt","LA",79.3,4.7,8,53,98,74.4,9.1,16,86.1,5.4,0.446,-0.249,-0.085
"WR","Rishard Matthews","TEN",79,4.6,13,41,104,56.1,9.8,11,90.6,8.2,0.413,-0.357,-0.042
"WR","Laquon Treadwell","MIN",78.9,4.6,6,38,271,59.8,26,NA,NA,NA,NA,NA,NA
"WR","Jermaine Kearse","SEA",75.5,4.4,5,57,122,79.5,12.1,18,125.3,7,0.46,-0.204,-0.156
"WR","Kendall Wright","TEN",74.9,4.4,13,42,96,63.9,9.2,10,60.5,6,0.47,-0.171,-0.306
"WR","Will Fuller","HOU",74.8,4.4,9,48,90,67.9,9.4,NA,NA,NA,NA,NA,NA
"WR","Robert Woods","BUF",72.9,4.3,10,57,102,73.6,9.6,14,71.2,5.1,0.456,-0.217,-0.097
"WR","Ted Ginn","CAR",72.6,4.3,7,53,88,68.3,7.3,18,161.8,9,0.437,-0.279,-2.036
"WR","Justin Hunter","TEN",69.4,4.1,13,85,141,116,24.1,9,32.4,3.6,0.305,NA,0.113
"WR","Nelson Agholor","PHI",69.4,4.1,4,52,174,71.4,15.3,13,33.9,2.6,0.598,0.247,0.247
"WR","Tyler Boyd","CIN",68.5,4,9,38,310,64.3,29.3,NA,NA,NA,NA,NA,NA
"WR","Brandon LaFell","CIN",66.7,3.9,9,51,100,74.6,10.1,12,53,4.4,0.366,-0.511,-0.274
"WR","Jaelen Strong","HOU",64.9,3.8,9,51,235,75.8,21.2,11,35.8,3.3,0.718,0.639,0.639
"WR","Anquan Boldin","DET",64.8,3.8,10,37,93,65.6,9.3,14,102.9,7.4,0.378,-0.471,-0.334
"WR","Tajae Sharpe","TEN",61.9,3.6,13,45,292,69.4,29.7,NA,NA,NA,NA,NA,NA
"WR","Chris Hogan","NE",61.8,3.6,9,34,202,68.6,18.5,13,57.56,4.4,0.432,-0.295,-0.076
"WR","Jamison Crowder","WAS",61.7,3.6,9,56,172,80.5,15.8,17,76.1,4.5,0.518,-0.014,-0.014
"WR","Kenny Stills","MIA",60.6,3.6,8,50,108,81.8,13.2,15,62,4.1,0.578,0.182,-0.04
"WR","Davante Adams","GB",60.6,3.6,4,56,97,74.3,8.6,14,70.3,5,0.425,-0.318,-0.115
"WR","Cole Beasley","DAL",60.2,3.5,7,71,115,88.4,8.5,16,79.6,5,0.634,0.365,0.195
"WR","Bruce Ellington","SF",59.8,3.5,8,39,107,64.4,12.9,13,14,1.1,0.96,1.429,1.493
"WR","Dorial Green-Beckham","PHI",58.7,3.5,4,40,232,67.9,23.7,14,80.9,5.8,0.448,-0.243,-0.243
"WR","Breshad Perriman","BAL",57.3,3.4,8,52,180,72.8,16.5,NA,NA,NA,NA,NA,NA
"WR","Josh Doctson","WAS",57,3.4,9,42,295,67.6,27.6,NA,NA,NA,NA,NA,NA
"WR","Eddie Royal","CHI",56.7,3.3,9,63,109,87.1,9.2,9,29.7,3.3,0.48,NA,-0.094
"WR","Cecil Shorts","HOU",56.3,3.3,9,65,118,94.9,11.3,12,68.44,5.7,0.435,-0.285,-0.297
"WR","Seth Roberts","OAK",55.6,3.3,10,43,214,82.6,22,16,80,5,0.571,0.159,0.159
"WR","Jarius Wright","MIN",55,3.2,6,78,119,97.7,12.7,16,46,2.9,0.354,-0.55,-0.023
"WR","Danny Amendola","NE",54.3,3.2,9,67,112,83.4,9.7,16,89.04,5.6,0.491,-0.102,0.213
"WR","Brandon Coleman","NO",52.3,3.1,5,71,132,91.6,11.1,16,57.4,3.6,0.558,0.117,0.117
"WR","Victor Cruz","NYG",51.9,3.1,8,47,124,84.5,13.4,NA,NA,NA,NA,NA,NA
"WR","Chris Conley","KC",51.1,3,5,63,225,86.6,26.4,11,36.1,3.3,0.528,0.019,0.019
"WR","Brian Quick","LA",48.5,2.9,8,59,142,94,13.7,9,10.2,1.1,0.529,NA,0.391
"WR","Justin Hardy","ATL",48.3,2.8,11,57,146,85.9,14.5,9,19.4,2.2,0.267,NA,NA
"WR","Philly Brown","CAR",48.3,2.8,7,77,133,100.5,10.6,NA,NA,NA,NA,NA,NA
"WR","Albert Wilson","KC",48.2,2.8,5,73,138,92.1,10.9,16,73.4,4.6,0.49,-0.106,-0.106
"WR","Charles Johnson","MIN",48.1,2.8,6,37,119,81.5,15.3,6,12.7,2.1,0.243,NA,0.039
"WR","Leonard Hankerson","",46.7,2.7,NA,NA,NA,NA,NA,7,52.7,7.5,0.384,NA,0.016
"WR","Kenny Bell","TB",46.1,2.7,6,86,141,111.2,17.3,NA,NA,NA,NA,NA,NA
"WR","Andrew Hawkins","CLE",46,2.7,13,77,127,101.4,14.3,8,27.6,3.5,0.252,NA,-0.188
"WR","Dontrelle Inman","SD",45.9,2.7,11,66,136,99.2,18.6,13,64.6,5,0.513,-0.03,-0.03
"WR","Quinton Patton","SF",45.7,2.7,8,67,112,94.3,9.9,16,45.9,2.9,0.504,-0.06,-0.06
"WR","Marqise Lee","JAC",45.3,2.7,5,68,120,94.1,11.9,9,28.9,3.2,0.381,NA,-0.023
"WR","J.J. Nelson","ARI",44.6,2.6,9,72,177,91.8,17.3,12,45.2,3.8,0.772,0.815,0.815
"WR","Mario Alford","CIN",44.5,2.6,9,140,187,163.5,23.5,1,1.5,1.5,0,NA,NA
"WR","Braxton Miller","HOU",44.3,2.6,9,67,147,94.6,16.1,NA,NA,NA,NA,NA,NA
"WR","Dwayne Harris","NYG",43.6,2.6,8,85,204,118.6,33,15,76.8,5.1,0.558,0.117,1.141
"WR","Andre Holmes","OAK",42.3,2.5,10,90,128,109.9,11,13,44.1,3.4,0.697,0.57,0.219
"WR","Rueben Randle","PHI",41.8,2.5,4,57,135,80.5,15.5,16,128.1,8,0.337,-0.605,-0.057
"WR","James Jones","SD",41.5,2.4,11,46,130,91.1,20.9,18,147.5,8.2,0.446,-0.249,-0.276
"WR","T.J. Graham","",41.3,2.4,NA,NA,NA,NA,NA,3,2.4,0.8,0.722,NA,0.745
"WR","Darrius Heyward-Bey","PIT",41.2,2.4,8,60,129,84.3,13,13,51.8,4,0.558,0.117,-0.034
"WR","Pharoh Cooper","LA",39.8,2.3,8,60,283,92.8,32.1,NA,NA,NA,NA,NA,NA
"WR","Leonte Carroo","MIA",39.4,2.3,8,69,266,93.1,30.7,NA,NA,NA,NA,NA,NA
"WR","Terrelle Pryor","CLE",39,2.3,13,53,282,83,32.7,2,4.1,2.1,0.524,NA,-0.317
"WR","Brian Hartline","",38.9,2.3,NA,NA,NA,NA,NA,12,64.3,5.4,0.502,-0.066,-0.138
"WR","Brice Butler","DAL",38.5,2.3,7,93,130,107.8,12.4,5,25.8,5.2,0.22,NA,0.427
"WR","Rashad Greene","JAC",36.7,2.2,5,85,231,108.6,34.8,9,29.3,3.3,0.56,NA,NA
"WR","Bennie Fowler","DEN",36.5,2.1,11,87,290,127.5,62.7,16,25.8,1.6,0.517,-0.017,-0.017
"WR","Devin Fuller","ATL",36.5,2.1,NA,NA,NA,NA,NA,NA,NA,NA,NA,NA,NA
"WR","Marquess Wilson","CHI",36.1,2.1,9,66,151,111.1,21.5,11,52.4,4.8,0.509,-0.044,-0.044
"WR","Taylor Gabriel","CLE",35.8,2.1,13,70,154,126,30.3,12,24.1,2,0.587,0.211,0.19
"WR","Josh Huff","PHI",34.3,2,4,91,145,116.7,15.2,15,49.2,3.3,0.61,0.286,0.85
"WR","De'Anthony Thomas","KC",34.2,2,5,126,126,126,0,NA,NA,NA,NA,NA,NA
"WR","Louis Murphy","TB",34.1,2,6,105,143,123.8,15,5,19.8,4,0.402,NA,0.233
"WR","Nate Washington","",33.8,2,NA,NA,NA,NA,NA,14,90.1,6.4,0.489,-0.109,-0.062
"WR","Ty Montgomery","GB",33.4,2,4,74,167,101.2,18.7,6,27,4.5,0.484,NA,NA
"WR","Andre Johnson","TEN",32.4,1.9,13,52,210,101.2,28.1,16,76.3,4.8,0.537,0.048,-0.222
"WR","Paul Richardson","SEA",32.1,1.9,5,104,128,115.3,8.9,1,4,4,0,NA,0.088
"WR","Quincy Enunwa","NYJ",31.5,1.9,11,81,135,102.8,15.8,11,31.5,2.9,0.398,-0.406,-0.406
"WR","Jeff Janis","GB",29.8,1.8,4,58,132,83.9,15,12,34.4,2.9,0.878,1.162,1.162
"WR","Devin Smith","NYJ",29.4,1.7,11,73,221,102.5,28.6,7,15.5,2.2,0.68,NA,NA
"WR","Tyrell Williams","SD",29,1.7,11,70,218,95.4,30.3,2,15,7.5,0.5,NA,NA
"WR","Jordan Norwood","DEN",28.6,1.7,11,97,207,134.1,34.1,13,23.3,1.8,0.438,-0.275,-0.275
"WR","Dezmin Lewis","BUF",28.4,1.7,10,90,228,137,48,NA,NA,NA,NA,NA,NA
"WR","Ryan Grant","WAS",28,1.6,9,93,159,127.3,27,15,38.8,2.6,0.606,0.273,0.273
"WR","TJ Jones","DET",27.3,1.6,10,64,155,106.4,20.2,NA,NA,NA,NA,NA,NA
"WR","Nick Williams","KC",26.6,1.6,NA,NA,NA,NA,NA,11,27.9,2.5,0.519,-0.011,-0.011
"WR","Cody Latimer","DEN",26.5,1.6,11,76,120,96.6,12.1,9,15.1,1.7,0.74,NA,NA
"WR","Harry Douglas","TEN",26.4,1.6,13,76,137,110.5,18.4,14,50.5,3.6,0.439,-0.272,-0.256
"WR","Jeremy Kerley","DET",26.3,1.5,10,109,149,129.3,14.9,16,27.2,1.7,0.796,0.894,0.178
"WR","Malcolm Mitchell","NE",25.8,1.5,9,61,255,95.8,35,NA,NA,NA,NA,NA,NA
"WR","Adam Humphries","TB",25.4,1.5,6,88,145,107.7,15.4,11,34,3.1,0.391,-0.429,-0.429
"WR","Chris Givens","PHI",25.4,1.5,4,85,152,114.1,19.9,14,43.1,3.1,0.496,-0.086,-0.056
"WR","Keshawn Martin","NE",25.3,1.5,9,102,125,112.2,8.2,11,43.2,3.9,0.42,-0.334,0.49
"WR","DeAndre Smelter","SF",23.9,1.4,8,68,191,97,21.2,NA,NA,NA,NA,NA,NA
"WR","Corey Fuller","DET",22.4,1.3,10,117,156,140,14.3,6,5.6,0.9,1.19,NA,0.901
"WR","Jared Abbrederis","GB",22.3,1.3,4,78,143,104.5,21.7,10,20,2,0.589,0.218,0.218
"WR","Jaron Brown","ARI",22.3,1.3,9,86,128,114,12.4,11,24.3,2.2,0.563,0.133,0.36
"WR","Rashard Higgins","CLE",21.1,1.2,13,78,281,110.9,43.3,NA,NA,NA,NA,NA,NA
"WR","Chris Matthews","BAL",20.3,1.2,NA,NA,NA,NA,NA,12,21.1,1.8,0.634,0.365,0.365
"WR","Griff Whalen","MIA",19.7,1.2,8,98,124,111,13,12,22.5,1.9,0.911,1.269,1.269
"WR","Tyreek Hill","KC",19.7,1.2,5,64,257,124.6,69.2,NA,NA,NA,NA,NA,NA
"WR","Jerome Simpson","SF",19.4,1.1,8,73,157,114.8,25.6,5,11.4,2.3,0.681,NA,-0.114
"WR","Josh Bellamy","CHI",19.2,1.1,9,139,158,148.5,9.5,10,34.4,3.4,0.602,0.26,0.26
"WR","Kenbrell Thompkins","NYJ",18.6,1.1,11,114,149,135.3,15.3,6,16.5,2.8,0.397,NA,0.445
"WR","Aaron Dobson","NE",18.4,1.1,9,96,97,96.5,0.5,6,14.1,2.4,0.54,NA,0.024
"WR","Demarcus Robinson","KC",17.6,1,5,154,258,206,52,NA,NA,NA,NA,NA,NA
"WR","Kolby Listenbee","BUF",17.4,1,NA,NA,NA,NA,NA,NA,NA,NA,NA,NA,NA
"WR","Donteea Dye","TB",17,1,6,143,158,149,6.5,10,19.2,1.9,0.566,0.143,0.143
"WR","Devin Street","DAL",16.6,1,7,101,153,126.3,19,11,15.4,1.4,0.711,0.616,0.616
"WR","Keith Mumphery","HOU",16.4,1,9,151,234,192.5,41.5,15,12.9,0.9,0.764,0.789,0.789
"WR","Brandon Tate","CIN",16.2,1,NA,NA,NA,NA,NA,16,11.9,0.7,0.933,1.341,1.235
"WR","Chris Moore","BAL",16.2,1,8,92,122,109.8,11.5,NA,NA,NA,NA,NA,NA
"WR","Cordarrelle Patterson","MIN",16.1,0.9,6,87,139,105.2,16.9,15,12.5,0.8,1.116,1.939,0.855
"WR","Ricardo Louis","CLE",15.2,0.9,13,108,280,174,75.7,NA,NA,NA,NA,NA,NA
"WR","Russell Shepard","TB",14.6,0.9,NA,NA,NA,NA,NA,8,10.8,1.4,0.704,NA,NA
"WR","Marquise Goodwin","BUF",14.2,0.8,10,83,147,104.6,19.9,2,2.4,1.2,0.5,NA,0.541
"WR","Deonte Thompson","CHI",14.1,0.8,NA,NA,NA,NA,NA,7,8.1,1.2,0.73,NA,NA
"WR","Michael Campanaro","BAL",13.9,0.8,8,117,136,126.3,7.8,NA,NA,NA,NA,NA,NA
"WR","Keenan Reynolds","BAL",13.9,0.8,NA,NA,NA,NA,NA,NA,NA,NA,NA,NA,NA
"WR","Rashad Ross","WAS",13.6,0.8,NA,NA,NA,NA,NA,14,30.6,2.2,0.775,0.825,0.825
"WR","Jeremy Butler","BAL",13.4,0.8,NA,NA,NA,NA,NA,8,36.3,4.5,0.2,NA,NA
"WR","Kenny Lawler","SEA",12.8,0.8,NA,NA,NA,NA,NA,NA,NA,NA,NA,NA,NA
"WR","Javontee Herndon","SD",12,0.7,NA,NA,NA,NA,NA,8,18.8,2.4,0.334,NA,NA
"WR","Kaelin Clay","BAL",11.9,0.7,NA,NA,NA,NA,NA,7,6,0.9,0.857,NA,NA
"WR","Greg Salas","BUF",11.6,0.7,10,119,334,164.5,76.7,1,4.1,4.1,0,NA,NA
"WR","Jakeem Grant","MIA",11.5,0.7,NA,NA,NA,NA,NA,NA,NA,NA,NA,NA,NA
"WR","Marc Mariani","CHI",11.2,0.7,9,145,208,168.7,28,16,29.7,1.9,0.639,0.381,0.381
"WR","Keyarris Garrett","CAR",11.1,0.7,NA,NA,NA,NA,NA,NA,NA,NA,NA,NA,NA
"WR","Daniel Braverman","CHI",10.5,0.6,9,134,333,233.5,99.5,NA,NA,NA,NA,NA,NA
"WR","Jeremy Ross","NYJ",10.4,0.6,NA,NA,NA,NA,NA,11,3,0.3,3.345,9.219,3.562
"WR","Quan Bray","IND",10.1,0.6,10,111,237,149.3,51.5,9,0,0,NA,NA,NA
"WR","Bryan Walters","JAC",9.9,0.6,NA,NA,NA,NA,NA,11,42.8,3.9,0.448,-0.243,0.641
"WR","Kevin Smith","",9.4,0.6,NA,NA,NA,NA,NA,6,8.4,1.4,0.492,NA,NA
"WR","Mike Thomas","",9.4,0.6,NA,NA,NA,NA,NA,NA,NA,NA,NA,NA,NA
"WR","Walter Powell","BUF",9.1,0.5,NA,NA,NA,NA,NA,NA,NA,NA,NA,NA,NA
"WR","Hakeem Nicks","",8.9,0.5,NA,NA,NA,NA,NA,6,5.4,0.9,0.37,NA,-0.05
"WR","Rod Streater","KC",8.7,0.5,5,75,152,118.8,28.1,1,2.8,2.8,0,NA,-0.025
"WR","Jordan Payton","CLE",8.4,0.5,13,123,132,127.5,4.5,NA,NA,NA,NA,NA,NA
"WR","DeAndrew White","SF",8.3,0.5,NA,NA,NA,NA,NA,2,1.8,0.9,0.5,NA,NA
"WR","Cameron Meredith","CHI",8.1,0.5,NA,NA,NA,NA,NA,6,12,2,0.503,NA,NA
"WR","Kevin Norwood","CAR",7.9,0.5,NA,NA,NA,NA,NA,1,0,0,0,NA,NA
"WR","Eric Weems","ATL",7.8,0.5,11,148,213,180.5,32.5,12,1.5,0.1,0.872,1.142,1.142
"WR","DeVier Posey","DEN",7.8,0.5,NA,NA,NA,NA,NA,NA,NA,NA,NA,NA,NA
"WR","Charone Peake","NYJ",7.7,0.5,11,139,251,195,56,NA,NA,NA,NA,NA,NA
"WR","Devin Hester","",7.7,0.5,NA,NA,NA,NA,NA,5,0,0,NA,NA,1.127
"WR","Myles White","NYG",7.5,0.4,8,123,129,126,3,9,14.8,1.6,0.728,NA,NA
"WR","Aldrick Robinson","ATL",7.1,0.4,NA,NA,NA,NA,NA,NA,NA,NA,NA,NA,NA
"WR","Bradley Marquez","LA",7.1,0.4,8,121,195,158,37,10,8.8,0.9,0.616,0.306,0.306
"WR","Lucky Whitehead","DAL",7.1,0.4,7,131,169,146,16.5,12,10.3,0.9,1.038,1.684,1.684
"WR","Marcus Easley","BUF",6.9,0.4,NA,NA,NA,NA,NA,5,11.8,2.4,0.8,NA,NA
"WR","Adam Thielen","MIN",6.6,0.4,6,139,142,140.5,1.5,10,23.3,2.3,0.599,0.25,0.25
"WR","Frankie Hammond","KC",6.5,0.4,NA,NA,NA,NA,NA,8,-1.5,-0.2,-1.425,NA,NA
"WR","Tre McBride","TEN",6.3,0.4,NA,NA,NA,NA,NA,6,7.6,1.3,0.798,NA,NA
"WR","Jarrett Boykin","BUF",5.7,0.3,NA,NA,NA,NA,NA,NA,NA,NA,NA,NA,NA
"WR","Matt Hazel","MIA",5.4,0.3,NA,NA,NA,NA,NA,1,0,0,0,NA,NA
"WR","Andre Roberts","DET",4.9,0.3,NA,NA,NA,NA,NA,8,19.5,2.4,0.489,NA,0.053
"WR","Geremy Davis","NYG",4.7,0.3,8,124,170,147,23,3,2.1,0.7,0.508,NA,NA
"WR","Brenton Bersin","CAR",4.6,0.3,7,144,331,237.5,93.5,5,9.9,2,0.408,NA,1.24
"WR","Stephen Hill","CAR",4.5,0.3,7,110,201,151.2,30.1,NA,NA,NA,NA,NA,NA
"WR","James Wright","CIN",4.4,0.3,9,151,211,181,30,NA,NA,NA,NA,NA,NA
"WR","Marlon Moore","CLE",3.4,0.2,NA,NA,NA,NA,NA,9,14.1,1.6,0.643,NA,NA
"WR","Brian Tyms","",2.3,0.1,NA,NA,NA,NA,NA,NA,NA,NA,NA,NA,NA
"WR","Andre Caldwell","",2.2,0.1,NA,NA,NA,NA,NA,15,23.1,1.5,0.704,0.593,0.946
"WR","Tavarres King","NYG",1.3,0.1,NA,NA,NA,NA,NA,NA,NA,NA,NA,NA,NA
"WR","Brittan Golden","ARI",0.7,0,9,106,155,128,20.3,5,0.5,0.1,0.8,NA,NA
"WR","Jonathan Krause","TB",0.2,0,NA,NA,NA,NA,NA,2,1.1,0.6,0.136,NA,NA
"WR","Trey Burton","PHI",0.1,0,NA,NA,NA,NA,NA,3,5.4,1.8,0.605,NA,NA
"WR","Seth DeValve","CLE",0.1,0,NA,NA,NA,NA,NA,NA,NA,NA,NA,NA,NA
"WR","Kashif Moore","KC",0,0,NA,NA,NA,NA,NA,NA,NA,NA,NA,NA,NA
"WR","Vince Mayle","DAL",0,0,NA,NA,NA,NA,NA,1,0,0,0,NA,NA
"WR","LaRon Byrd","CAR",0,0,NA,NA,NA,NA,NA,NA,NA,NA,NA,NA,NA
"WR","Dres Anderson","SF",0,0,NA,NA,NA,NA,NA,NA,NA,NA,NA,NA,NA
"WR","Nathan Palmer","OAK",0,0,NA,NA,NA,NA,NA,NA,NA,NA,NA,NA,NA
"WR","Antwan Goodley","SEA",0,0,NA,NA,NA,NA,NA,NA,NA,NA,NA,NA,NA
"WR","Rodney Smith","DAL",0,0,NA,NA,NA,NA,NA,1,0.5,0.5,0,NA,NA
"WR","Evan Spencer","TB",0,0,NA,NA,NA,NA,NA,NA,NA,NA,NA,NA,NA
"WR","Cobi Hamilton","PIT",0,0,NA,NA,NA,NA,NA,NA,NA,NA,NA,NA,NA
"WR","Darren Waller","BAL",0,0,NA,NA,NA,NA,NA,3,1.8,0.6,0.63,NA,NA
"WR","Da'Ron Brown","KC",0,0,NA,NA,NA,NA,NA,NA,NA,NA,NA,NA,NA
"WR","Issac Blakeney","PIT",0,0,NA,NA,NA,NA,NA,NA,NA,NA,NA,NA,NA
"WR","Ifeanyi Momah","ARI",0,0,NA,NA,NA,NA,NA,NA,NA,NA,NA,NA,NA
"WR","Freddie Martino","TB",0,0,NA,NA,NA,NA,NA,NA,NA,NA,NA,NA,NA
"WR","Marcus Lucas","CAR",0,0,NA,NA,NA,NA,NA,NA,NA,NA,NA,NA,NA
"WR","Demarcus Ayers","PIT",0,0,NA,NA,NA,NA,NA,NA,NA,NA,NA,NA,NA
"WR","Trevor Davis","GB",0,0,4,146,160,153,7,NA,NA,NA,NA,NA,NA
"WR","Lance Moore","",0,0,NA,NA,NA,NA,NA,13,55.7,4.3,0.61,0.286,-0.077
"WR","Moritz Boehringer","MIN",0,0,6,103,272,187.5,84.5,NA,NA,NA,NA,NA,NA
"WR","Marques Colston","",0,0,NA,NA,NA,NA,NA,13,78,6,0.43,-0.302,-0.434
"WR","Matt Slater","NE",0,0,NA,NA,NA,NA,NA,NA,NA,NA,NA,NA,NA
"WR","Arrelious Benn","JAC",0,0,5,133,203,168,35,NA,NA,NA,NA,NA,NA
"WR","Mike Williams","KC",0,0,NA,NA,NA,NA,NA,NA,NA,NA,NA,NA,NA
"WR","Kyle Williams","NYJ",0,0,NA,NA,NA,NA,NA,NA,NA,NA,NA,NA,NA
"WR","Greg Little","BUF",0,0,NA,NA,NA,NA,NA,NA,NA,NA,NA,NA,NA
"WR","Vincent Brown","",0,0,NA,NA,NA,NA,NA,1,2.2,2.2,0,NA,-0.005
"WR","Justin Blackmon","JAC",0,0,NA,NA,NA,NA,NA,NA,NA,NA,NA,NA,NA
"WR","Josh Boyce","CLE",-1.7,-0.1,NA,NA,NA,NA,NA,NA,NA,NA,NA,NA,NA
"TE","Rob Gronkowski","NE",170.3,10,9,1,1,1,0,17,224.3,13.2,0.283,-1.861,-1.612
"TE","Greg Olsen","CAR",134.8,7.9,7,2,5,2.8,0.7,19,179.5,9.4,0.352,-1.297,-1.376
"TE","Jordan Reed","WAS",130.7,7.7,9,2,4,2.4,0.6,15,175.2,11.7,0.342,-1.379,-0.818
"TE","Delanie Walker","TEN",118.1,6.9,13,3,9,5.5,1.4,15,150.4,10,0.283,-1.861,-0.782
"TE","Travis Kelce","KC",113.1,6.7,5,2,8,4.9,1.3,18,132.6,7.4,0.376,-1.101,-1.335
"TE","Coby Fleener","NO",110.7,6.5,5,4,17,6.1,2.3,15,69.1,4.6,0.49,-0.17,-0.248
"TE","Antonio Gates","SD",108.5,6.4,11,6,19,9.9,2.4,11,93,8.5,0.373,-1.126,-0.685
"TE","Gary Barnidge","CLE",102.7,6,13,4,13,8.6,2.1,16,158.3,9.9,0.297,-1.746,0.476
"TE","Tyler Eifert","CIN",101.7,6,9,3,17,9.3,3.3,14,145.3,10.4,0.385,-1.027,-0.375
"TE","Jason Witten","DAL",98,5.8,7,11,24,16,2.8,16,87.2,5.5,0.366,-1.183,-1.117
"TE","Jimmy Graham","SEA",96.6,5.7,5,10,30,17,3.9,11,74.5,6.8,0.359,-1.24,-1.121
"TE","Zach Ertz","PHI",91.3,5.4,4,5,19,9.6,2.8,15,95.3,6.4,0.361,-1.224,-0.555
"TE","Julius Thomas","JAC",91.1,5.4,5,3,16,9.5,2.2,12,77.5,6.5,0.474,-0.3,-0.714
"TE","Zach Miller","CHI",90.8,5.3,9,10,24,16.5,2.7,13,73.9,5.7,0.574,0.516,0.355
"TE","Dwayne Allen","IND",89.9,5.3,10,8,25,12.5,2.9,13,17,1.3,0.678,1.366,-0.361
"TE","Martellus Bennett","NE",87.9,5.2,9,7,25,13.7,3.4,11,62,5.6,0.417,-0.766,-0.813
"TE","Charles Clay","BUF",82.5,4.9,10,11,34,20.1,3.8,13,70.8,5.4,0.458,-0.431,-0.029
"TE","Eric Ebron","DET",82,4.8,10,7,29,14.9,3.8,14,83.7,6,0.379,-1.076,-0.826
"TE","Ladarius Green","PIT",79.7,4.7,8,8,31,20,5.8,13,70.9,5.5,0.465,-0.374,0.259
"TE","Kyle Rudolph","MIN",73.2,4.3,6,12,34,24.1,3.4,17,81.9,4.8,0.474,-0.3,-0.218
"TE","Jordan Cameron","MIA",70.7,4.2,8,11,34,23,4.2,16,56.6,3.5,0.448,-0.513,-0.248
"TE","Clive Walford","OAK",68.9,4.1,10,8,127,21.9,13.2,15,52.9,3.5,0.476,-0.284,-0.284
"TE","Austin Seferian-Jenkins","TB",67.9,4,6,11,33,22.2,4.7,7,57.8,8.3,0.415,NA,NA
"TE","Jared Cook","GB",62.9,3.7,4,11,33,21.8,4,16,48.1,3,0.501,-0.08,-0.376
"TE","Jacob Tamme","ATL",62.1,3.7,11,25,41,31.7,4.5,15,71.7,4.8,0.436,-0.611,0.596
"TE","Richard Rodgers","GB",58.9,3.5,4,17,44,29.8,4.8,18,109.3,6.1,0.495,-0.129,0.19
"TE","Will Tye","NYG",57.7,3.4,8,10,32,23.2,4.1,13,62.4,4.8,0.494,-0.137,-0.137
"TE","Vance McDonald","SF",56.2,3.3,8,13,36,22.6,5.1,14,50.6,3.6,0.621,0.9,0.077
"TE","Benjamin Watson","BAL",53,3.1,8,13,33,24.5,4.1,NA,NA,NA,NA,NA,NA
"TE","Cameron Brate","TB",52.1,3.1,6,15,79,29.3,8.2,12,46.8,3.9,0.534,0.19,0.19
"TE","Luke Willson","SEA",48,2.8,5,26,65,41.2,9.3,14,32.7,2.3,0.537,0.214,1.051
"TE","Lance Kendricks","LA",47.5,2.8,8,26,45,32.2,3.6,14,36.5,2.6,0.599,0.721,0.039
"TE","Darren Fells","ARI",47.4,2.8,9,28,82,41.7,10.3,14,60.1,4.3,0.504,-0.055,-0.055
"TE","Ryan Griffin","HOU",47.1,2.8,9,30,54,38.3,6.7,10,40,4,0.447,-0.521,-0.521
"TE","Virgil Green","DEN",44.3,2.6,11,18,50,28.2,7.1,13,24.7,1.9,0.561,0.41,0.052
"TE","Jace Amaro","NYJ",43.6,2.6,11,23,38,30.6,3.2,NA,NA,NA,NA,NA,NA
"TE","Garrett Celek","SF",42.8,2.5,8,34,125,44.6,18.3,10,36.6,3.7,0.554,0.353,0.353
"TE","Jeff Heuerman","DEN",42.6,2.5,11,25,132,42.7,18.8,NA,NA,NA,NA,NA,NA
"TE","Larry Donnell","NYG",42.4,2.5,8,26,50,37.2,5.8,8,34.3,4.3,0.337,NA,-0.002
"TE","Crockett Gillmore","BAL",42.3,2.5,8,28,50,38.4,6.2,10,65.2,6.5,0.445,-0.537,-0.183
"TE","Jesse James","PIT",38.8,2.3,8,20,119,33.8,15.9,6,15.8,2.6,0.466,NA,NA
"TE","Josh Hill","NO",37.8,2.2,5,26,51,40.4,6.4,13,24,1.8,0.668,1.284,1.101
"TE","Hunter Henry","SD",37.7,2.2,11,27,162,39.6,22.4,NA,NA,NA,NA,NA,NA
"TE","Jermaine Gresham","ARI",37.4,2.2,9,30,61,47.5,7.9,13,28.3,2.2,0.582,0.582,-0.437
"TE","Brent Celek","PHI",37.1,2.2,4,29,51,41,5.8,12,57.8,4.8,0.469,-0.341,-0.067
"TE","Mychal Rivera","OAK",35.7,2.1,10,28,51,44.6,6.7,15,34,2.3,0.509,-0.015,0.197
"TE","Tyler Higbee","LA",33.2,2,8,20,168,39.7,25.4,NA,NA,NA,NA,NA,NA
"TE","Jack Doyle","IND",33.2,2,10,45,58,52,4.2,8,13.2,1.6,0.682,NA,0.89
"TE","Gavin Escobar","DAL",32.2,1.9,7,50,62,54.2,4,8,10.4,1.3,0.822,NA,2.402
"TE","Tyler Kroft","CIN",31.4,1.8,9,34,97,47.8,14.5,9,18.9,2.1,0.683,NA,NA
"TE","Marcedes Lewis","JAC",30.8,1.8,5,48,61,55.7,4.3,15,22.6,1.5,0.508,-0.023,-0.236
"TE","Austin Hooper","ATL",30.1,1.8,11,24,143,36,17,NA,NA,NA,NA,NA,NA
"TE","Anthony Fasano","TEN",28.6,1.7,13,40,66,52,9.6,14,42.9,3.1,0.57,0.484,0.27
"TE","Ryan Hewitt","CIN",28.4,1.7,9,70,83,76.5,6.5,9,9.9,1.1,0.453,NA,NA
"TE","Chris Gragg","BUF",28.3,1.7,10,60,74,66.8,6.3,7,15,2.1,0.408,NA,NA
"TE","Jim Dray","BUF",26.3,1.5,10,60,68,64,4,11,6.1,0.6,0.62,0.892,0.617
"TE","Dion Sims","MIA",26.2,1.5,8,39,57,47.8,4.8,13,16.8,1.3,0.815,2.485,1.487
"TE","Ed Dickson","CAR",26.1,1.5,7,55,108,67,20.6,15,32.3,2.2,0.64,1.056,0.396
"TE","James O'Shaughnessy","KC",26,1.5,5,50,123,69.2,24.9,5,8.7,1.7,0.593,NA,NA
"TE","C.J. Fiedorowicz","HOU",23.8,1.4,9,43,63,52.1,6.9,15,20.8,1.4,0.567,0.459,0.459
"TE","Maxx Williams","BAL",23.1,1.4,8,24,96,35.9,10.5,13,32.8,2.5,0.531,0.165,0.165
"TE","Niles Paul","WAS",22.5,1.3,9,27,53,41.5,6.5,NA,NA,NA,NA,NA,NA
"TE","Blake Bell","SF",21.4,1.3,8,37,102,52.7,17.1,9,18.6,2.1,0.594,NA,NA
"TE","Rob Housler","CHI",20.3,1.2,9,35,64,57.4,11.2,5,3.3,0.7,0.545,NA,-0.112
"TE","Craig Stevens","",19.3,1.1,NA,NA,NA,NA,NA,10,24.1,2.4,0.575,0.525,0.238
"TE","Brandon Pettigrew","DET",19.1,1.1,10,44,69,58.2,9.3,7,12.7,1.8,0.58,NA,-0.251
"TE","Cory Harkey","LA",18.7,1.1,8,70,171,120.5,50.5,6,2.6,0.4,0.423,NA,1.234
"TE","Rhett Ellison","MIN",17.8,1,6,57,73,65.3,6.5,11,18.4,1.7,0.671,1.309,0.69
"TE","James Hanna","DAL",17.2,1,7,63,107,82,18.5,8,7.9,1,0.473,NA,NA
"TE","Lee Smith","OAK",16.8,1,NA,NA,NA,NA,NA,12,13,1.1,0.655,1.178,1.178
"TE","Bruce Miller","SF",16.8,1,NA,NA,NA,NA,NA,NA,NA,NA,NA,NA,NA
"TE","Vernon Davis","WAS",16.4,1,9,28,69,40.2,12.2,14,39.5,2.8,0.534,0.19,0.007
"TE","Gerald Christian","ARI",16.3,1,NA,NA,NA,NA,NA,NA,NA,NA,NA,NA,NA
"TE","Garrett Graham","DEN",16.2,1,11,39,71,50.7,12.9,8,9,1.1,0.756,NA,0.316
"TE","Kellen Davis","NYJ",16.1,0.9,11,64,109,80.8,17.3,10,7.8,0.8,0.836,2.657,2.026
"TE","Michael Hoomanawanui","NO",14.5,0.9,5,59,67,63,3.3,10,23.6,2.4,0.792,2.297,1.802
"TE","Troy Niklas","ARI",14.5,0.9,9,40,74,65,12.7,3,15.3,5.1,0.54,NA,NA
"TE","MyCole Pruitt","MIN",13.8,0.8,6,26,92,52,16.4,11,11.1,1,0.545,0.28,0.28
"TE","Derek Carrier","WAS",13.7,0.8,9,74,81,77.5,3.5,11,20.1,1.8,0.588,0.631,0.631
"TE","Levine Toilolo","ATL",12.7,0.7,11,60,75,70,7.1,10,6.4,0.6,0.663,1.243,0.675
"TE","Jeff Cumberland","SD",12,0.7,11,46,66,58.3,8.8,7,7.7,1.1,0.646,NA,0.577
"TE","Demetrius Harris","KC",12,0.7,5,78,156,117,39,9,14.4,1.6,0.662,NA,NA
"TE","Cooper Helfet","",11.9,0.7,NA,NA,NA,NA,NA,7,13,1.9,0.475,NA,NA
"TE","Trey Burton","PHI",11.7,0.7,NA,NA,NA,NA,NA,NA,NA,NA,NA,NA,NA
"TE","Matt Spaeth","",10.8,0.6,NA,NA,NA,NA,NA,5,1.1,0.2,0.582,NA,NA
"TE","Adrien Robinson","",10.1,0.6,NA,NA,NA,NA,NA,NA,NA,NA,NA,NA,NA
"TE","Dennis Pitta","BAL",10.1,0.6,8,33,111,58.6,23.5,NA,NA,NA,NA,NA,NA
"TE","Logan Paulsen","WAS",8.9,0.5,9,46,75,62,12,NA,NA,NA,NA,NA,NA
"TE","David Johnson","PIT",8.7,0.5,8,36,55,45.5,9.5,4,-1.2,-0.3,0.519,NA,0.053
"TE","C.J. Uzomah","CIN",8.7,0.5,NA,NA,NA,NA,NA,2,0.4,0.2,0.5,NA,NA
"TE","Jake Stoneburner","LA",8.6,0.5,NA,NA,NA,NA,NA,3,16.7,5.6,0.259,NA,NA
"TE","Clay Harbor","NE",8.6,0.5,9,68,112,90,22,9,22.9,2.5,0.523,NA,0.875
"TE","Justice Cunningham","LA",8.1,0.5,NA,NA,NA,NA,NA,NA,NA,NA,NA,NA,NA
"TE","Zach Sudfeld","NYJ",7.7,0.5,11,45,59,52,7,NA,NA,NA,NA,NA,NA
"TE","Justin Perillo","GB",7.2,0.4,NA,NA,NA,NA,NA,6,16.2,2.7,0.644,NA,NA
"TE","Brandon Myers","TB",7.2,0.4,NA,NA,NA,NA,NA,6,12.7,2.1,0.35,NA,-0.308
"TE","Luke Stocker","TB",7.1,0.4,6,49,76,65.7,11.9,8,12.1,1.5,0.751,NA,0.796
"TE","Sean McGrath","SD",6.5,0.4,NA,NA,NA,NA,NA,NA,NA,NA,NA,NA,NA
"TE","Jerell Adams","NYG",6.1,0.4,NA,NA,NA,NA,NA,NA,NA,NA,NA,NA,NA
"TE","Nick O'Leary","BUF",5.9,0.3,NA,NA,NA,NA,NA,3,3.7,1.2,0.667,NA,NA
"TE","Nic Jacobs","JAC",5.1,0.3,NA,NA,NA,NA,NA,3,0.6,0.2,0.667,NA,NA
"TE","E.J. Bibbs","CLE",4.8,0.3,NA,NA,NA,NA,NA,2,0.7,0.4,0.5,NA,NA
"TE","Nick Boyle","BAL",4.6,0.3,NA,NA,NA,NA,NA,8,17.3,2.2,0.264,NA,NA
"TE","Brandon Bostick","NYJ",4.6,0.3,NA,NA,NA,NA,NA,NA,NA,NA,NA,NA,NA
"TE","Phillip Supernaw","TEN",3.5,0.2,NA,NA,NA,NA,NA,5,1.2,0.2,1.333,NA,NA
"TE","Matthew Mulligan","DET",2.9,0.2,NA,NA,NA,NA,NA,4,0.2,0,0.75,NA,NA
"TE","Brian Parker","KC",2.9,0.2,NA,NA,NA,NA,NA,3,0.6,0.2,0.667,NA,NA
"TE","Nick Vannett","SEA",2.8,0.2,5,44,165,83.5,47.8,NA,NA,NA,NA,NA,NA
"TE","Khari Lee","CHI",2.6,0.2,9,76,120,98,22,4,0.7,0.2,0.75,NA,NA
"TE","Erik Swoope","IND",2.4,0.1,NA,NA,NA,NA,NA,NA,NA,NA,NA,NA,NA
"TE","Beau Sandland","CAR",1.5,0.1,NA,NA,NA,NA,NA,NA,NA,NA,NA,NA,NA
"TE","Temarrick Hemingway","LA",1.1,0.1,8,61,169,115,54,NA,NA,NA,NA,NA,NA
"TE","Scott Simonson","CAR",0.1,0,NA,NA,NA,NA,NA,1,1,1,0,NA,NA
"TE","Randall Telfer","CLE",0.1,0,NA,NA,NA,NA,NA,NA,NA,NA,NA,NA,NA
"TE","Matt LaCosse","NYG",0.1,0,NA,NA,NA,NA,NA,1,2.2,2.2,0,NA,NA
"TE","Owen Daniels","",0,0,NA,NA,NA,NA,NA,19,87.8,4.6,0.504,-0.055,-0.75
"TE","Scott Chandler","",0,0,NA,NA,NA,NA,NA,13,49.9,3.8,0.551,0.329,-0.377
"TE","Orson Charles","DET",0,0,NA,NA,NA,NA,NA,NA,NA,NA,NA,NA,NA
"TE","Dominique Jones","MIA",0,0,NA,NA,NA,NA,NA,NA,NA,NA,NA,NA,NA
"TE","MarQueis Gray","MIA",0,0,8,71,77,74,3,1,0.2,0.2,0,NA,NA
"TE","Brandon Williams","SEA",0,0,NA,NA,NA,NA,NA,NA,NA,NA,NA,NA,NA
"TE","Chris Pantale","PHI",0,0,NA,NA,NA,NA,NA,NA,NA,NA,NA,NA,NA
"TE","Marcel Jensen","WAS",0,0,NA,NA,NA,NA,NA,NA,NA,NA,NA,NA,NA
"TE","Bear Pascoe","",0,0,NA,NA,NA,NA,NA,1,0,0,0,NA,-0.801
"TE","Xavier Grimble","PIT",0,0,NA,NA,NA,NA,NA,NA,NA,NA,NA,NA,NA
"TE","Chase Coffman","IND",0,0,NA,NA,NA,NA,NA,3,13.1,4.4,0.453,NA,NA
"TE","RaShaun Allen","NO",0,0,NA,NA,NA,NA,NA,NA,NA,NA,NA,NA,NA
"TE","John Phillips","DEN",0,0,NA,NA,NA,NA,NA,7,12.9,1.8,0.545,NA,NA
"TE","Chris Manhertz","NO",0,0,NA,NA,NA,NA,NA,NA,NA,NA,NA,NA,NA
"TE","AJ Derby","NE",0,0,9,64,130,97,33,NA,NA,NA,NA,NA,NA
"TE","Tony Moeaki","CHI",0,0,NA,NA,NA,NA,NA,5,11.8,2.4,0.763,NA,-0.242
"TE","Geoff Swaim","DAL",0,0,NA,NA,NA,NA,NA,2,0,0,NA,NA,NA
"TE","Kennard Backman","GB",0,0,NA,NA,NA,NA,NA,NA,NA,NA,NA,NA,NA
"TE","Gabe Holmes","OAK",0,0,NA,NA,NA,NA,NA,NA,NA,NA,NA,NA,NA
"TE","Andrew Quarless","DET",0,0,NA,NA,NA,NA,NA,3,3.1,1,0.366,NA,0.7
"TE","Thomas Duarte","MIA",0,0,NA,NA,NA,NA,NA,NA,NA,NA,NA,NA,NA
"K","Steven Hauschka","SEA",127.1,7.5,5,1,18,3,2.5,18,157,8.7,0.25,-0.614,-0.628
"K","Mason Crosby","GB",126.2,7.4,4,3,22,6,3,17,142,8.4,0.288,0.141,-0.245
"K","Graham Gano","CAR",126.2,7.4,7,2,23,7.3,4.1,19,187,9.8,0.226,-1.09,-0.582
"K","Dan Bailey","DAL",124.5,7.3,7,2,19,6.6,3.4,16,131,8.2,0.245,-0.713,-0.308
"K","Chandler Catanzaro","ARI",124.1,7.3,9,2,15,6.3,3.1,18,152,8.4,0.245,-0.713,-0.097
"K","Chris Boswell","PIT",124,7.3,8,4,26,11.5,4.4,14,150,10.7,0.217,-1.269,-1.269
"K","Blair Walsh","MIN",120.9,7.1,6,3,26,10.3,4.2,17,164,9.6,0.306,0.498,0.627
"K","Brandon McManus","DEN",118.6,7,11,4,36,10.5,5.4,19,180,9.5,0.277,-0.078,-0.096
"K","Adam Vinatieri","IND",117.7,6.9,10,2,23,7.9,3.4,16,123,7.7,0.387,2.106,0.243
"K","Cairo Santos","KC",116.9,6.9,5,3,27,11.9,3.9,18,167,9.3,0.355,1.471,0.617
"K","Mike Nugent","CIN",116.3,6.8,9,9,24,17.2,3.5,17,135,7.9,0.204,-1.527,-0.857
"K","Josh Brown","NYG",116,6.8,8,7,32,15.4,5.4,16,148,9.2,0.306,0.498,1.626
"K","Robbie Gould","CHI",114.8,6.8,9,6,33,19.9,5.9,15,148,9.9,0.238,-0.852,-0.167
"K","Matt Prater","DET",112.5,6.6,10,8,29,15.1,5,16,118,7.4,0.327,0.915,-0.545
"K","Dan Carpenter","BUF",111.7,6.6,10,1,28,16.7,4.7,16,116,7.2,0.283,0.042,-0.343
"K","Nick Novak","HOU",111.1,6.5,9,13,35,21.5,5.4,13,91,7,0.311,0.597,0.132
"K","Nick Folk","NYJ",111,6.5,11,4,34,23.7,7.2,7,65,9.3,0.11,NA,0.561
"K","Matt Bryant","ATL",110,6.5,11,9,34,18.6,5,10,74,7.4,0.281,0.002,-0.046
"K","Dustin Hopkins","WAS",109.9,6.5,9,11,30,20.7,5,16,129,8.1,0.248,-0.653,-0.653
"K","Sebastian Janikowski","OAK",109.3,6.4,10,5,28,17.4,5.5,16,114,7.1,0.339,1.153,1.032
"K","Cody Parkey","PHI",107.3,6.3,4,13,36,24.5,6.7,3,17,5.7,0.039,NA,-0.89
"K","Roberto Aguayo","TB",107.2,6.3,6,11,31,20,5,NA,NA,NA,NA,NA,NA
"K","Josh Lambo","SD",106.3,6.3,11,5,28,18.4,4.1,16,125,7.8,0.22,-1.209,-1.209
"K","Jason Myers","JAC",106.2,6.2,5,11,32,20.9,5.4,16,122,7.6,0.324,0.855,0.855
"K","Caleb Sturgis","PHI",104.4,6.1,4,12,34,26.1,5.6,13,97,7.5,0.308,0.538,-0.593
"K","Phil Dawson","SF",104.1,6.1,8,2,30,20.3,6,16,104,6.5,0.34,1.173,0.643
"K","Greg Zuerlein","LA",101.9,6,8,3,32,21.8,6.3,14,97,6.9,0.267,-0.276,0.611
"K","Travis Coons","CLE",100.2,5.9,13,21,34,30.5,2.5,16,113,7.1,0.295,0.28,0.28
"K","Andrew Franks","MIA",99.2,5.8,8,8,31,24.6,4.6,16,78,4.9,0.388,2.126,2.126
"K","Ryan Succop","TEN",92.5,5.4,13,26,33,31.4,1.6,14,80,5.7,0.279,-0.038,0.893
"K","Kai Forbath","NO",87.8,5.2,5,7,35,20.4,8.7,11,71,6.5,0.266,-0.296,-0.423
"K","Shaun Suisham","",72,4.2,NA,NA,NA,NA,NA,NA,NA,NA,NA,NA,NA
"K","Shayne Graham","ATL",52,3.1,NA,NA,NA,NA,NA,5,49,9.8,0.237,NA,-0.174
"K","Connor Barth","NO",43.5,2.6,5,6,33,21.4,6.3,12,103,8.6,0.263,-0.355,-0.521
"K","Randy Bullock","NYG",6.8,0.4,8,19,31,26.7,5.4,11,87,7.9,0.178,-2.043,-0.896
"K","Zach Hocker","CIN",0,0,9,28,31,29.5,1.5,8,45,5.6,0.414,NA,NA
"K","Patrick Murray","CLE",0,0,13,16,37,29.2,7.2,NA,NA,NA,NA,NA,NA
"K","Tom Obarski","",0,0,NA,NA,NA,NA,NA,NA,NA,NA,NA,NA,NA
